8a176cbd-c5f2-4d55-9927-8fb65e5f74fc;Otha Kohler
8201cef1-374d-4945-bed7-5dfec8175819;Sure-footed typewriter
178ad652-a991-4020-8717-8e782e992bcf;The interiors
636150ca-ca69-43f5-a81d-0b385b3f09e8;Weighty planula
0769d701-56bc-4190-9c88-9fd6b4dbb72f;Innocent exasperation
0a12563b-e877-4f0f-ba2f-1f7388ef0d35;Erma Torphy
1bdd1d22-51d1-42a8-8cd4-efe52df14901;The charms
ca74bde1-9bd6-4127-a477-b6e50c7aa879;Tad Mayer
a059d9a8-ff0e-4943-9385-f73348094898;The vols
3d17c0dc-a1c5-4310-8444-471c5fb273d5;Key ghost
55f45a92-894f-462c-9da4-593a47b83d1d;The t-shirts
ec48a4c5-96bc-40e8-9d3b-2ee029666c12;The lobsters
1d1988c5-b906-4969-b571-69c0c387ee33;Pink Shanahan
6736fa01-98a7-4067-a5ef-36cdfb34a6b3;Cierra Kirlin
c832029e-9164-47b4-b3a8-5140aebcb72a;Criminal redesign
acb1dc98-720a-4651-bb23-28901438aaab;Reflecting drive
1077b45a-d26d-4e9d-bc39-b2bb0ad3e544;The raviolis
34b3c91e-c351-4333-81db-2e9612e0053c;Graceful conservative
fe225af3-2417-45ac-b66b-e12bcd925a12;Extroverted possession
71dcff90-b58a-48ab-9bb4-5e6a834b657c;The possessions
45a4a4f4-4f24-41b7-aae7-66302c28742a;The halts
d8d55d17-552f-4218-9263-65d6270d9b11;Sage Hackett
f4deaa03-fc42-4d29-a39e-c496de9f1473;The whacks
91661b04-1e87-440d-90ef-aaee8eb63bae;Myra McCullough
2d14b8d7-7b96-409c-a5b8-549f6fe71d3f;The scratchs
420af585-fefd-4f4f-9892-74ebdbbda422;Amused valuable
c48ba24e-deb9-4192-a159-88fc28ebd4e6;Profitable chainstay
36fe35ca-f427-4722-87f3-4820ed53e474;The deads
c93a886d-a93b-4b07-8756-0c33f5780db0;Mr. Rahul Gislason
20f37cf7-38b3-49c2-a800-01f06c3cbd23;The chows
c5793091-6e1e-4f17-bc92-4647bd597970;The birdbaths
bd6e0ff1-0f29-4dcd-a67d-25bf0ea7607d;Hollie Harber
b0adbfeb-421a-4015-ae00-b59850d646db;The provisions
4d663c54-1bf7-4c74-98be-b5265249b10f;The disclosures
3f41f093-ec28-4ad0-8deb-cb012d910c2a;Vague pillow
8c043cb6-45a9-4871-a591-eb9b88a253a0;Oval arcade
7992dc50-9c62-41bb-b330-17a4a6e3725d;Blind commercial
30414cb6-4ec1-4723-adee-d7c2545bd745;The massages
d085307b-cdd6-4994-b93a-6760b8679727;The viabilitys
64cda998-08a5-493b-bee2-f553d65a17ef;Dallin Satterfield
2e7e1466-1f4e-4619-8f27-b94403d548ca;The aircrafts
95b550e9-6ddd-4d73-bd76-f03434c0426c;The remarks
32505081-bbe3-47f8-8884-77f8673f0df1;Carrie Padberg
cb12404e-086c-4c2d-9a0f-b59bb55ced2e;The certifications
ab1897b1-d44e-4d6c-b6b6-97e1669d2587;The doubters
def7ca9a-ddec-4da5-9c97-029475840920;Indelible inspection
5cfae53f-8ea8-487e-b439-f07cb237113d;Todd Raynor
15eebd04-ce2f-4671-9e49-643c9d99fca2;The suitcases
033c9a94-3f10-456b-ba8a-e5b2d64f92d3;Ruddy yarmulke
76426992-c692-454c-ae2b-435b03bb65c7;The newsstands