7f6855a4-540d-47cb-b541-e69f01018bd8;East Macyfurt Hall;80
0ae252f0-d12d-4a69-87c5-205571323473;Hamillworth Stadium;200
afccf506-ef68-4a87-84d9-b4e99dccac9e;Deltona Club;20
cc428500-088f-431e-9f47-1fd044e29b8b;Deonteton Hall;75
ce81d145-1d4d-440a-b400-2bdc9f7e8310;North Kellenville Hall;60
058791d9-7fb9-493f-977c-2af219d7bd2f;North Charleyville Arena;100
4d9b7841-5eb2-4b58-9457-6c3805972ffd;Halieshire Theatre;120
fc90050f-b9d0-471b-acec-5ea8fa46b6ab;Beatriceton Stadium;140
b52bce38-c725-45d7-8916-6f7f0d73dbe2;Lake Marshall Theatre;15
a4743c57-96be-4dbe-a929-bc56f39cb3c9;Fort Chanelville Hall;55
8a985472-d9c4-484f-a0ec-e0b46456c2c4;Kingland Club;15
a7dc6a22-9886-4048-9e94-0e3c2346166f;Vineland Arena;50
a5075329-94b3-45a6-9fdd-849d41b86b0e;Port Pattyboro Stadium;110
520cea4f-8b01-410e-807b-b74c2377ce0d;Stiedemannshire Center;30
edb2d564-a023-4233-ba65-c92fb1d6abe9;Irving Club;10
c6210266-83aa-45c6-b5aa-37deb4a7e191;West Robbie Arena;70
a4701289-7d13-4c6b-b06a-07b4dbed03af;Fairfield Hall;40
81fa0e92-1f09-4b32-ab7c-69b6109cb03c;Icieport Stadium;80
44cb6500-ac39-4c68-9876-26c68f0b271c;South Randalboro Arena;50
80ab9550-7153-46ad-ae33-2d13f057612e;West Colten Pavilion;25