096d6e88-7510-4c01-b372-5dba6a53ac81;Elias Lynch V
8949c0bb-0c92-412d-81f8-c99bd8178ed0;Genoveva O'Kon
cde6b795-3654-41bb-9026-2d20d09e3ea5;Kory Veum Sr.
60ff9b7a-85cc-4d8b-9c03-c055433e8c07;Emil Funk
2ac87841-9940-4910-b39d-42cb8551ca3f;Ashton Monahan
eaa055f1-175b-4c4c-baf4-4580f29f3ddf;Jolie Mertz
37f6103a-3f14-4fb9-b018-fcf8a0f56e89;Jaydon Emmerich
03d811dd-dd35-4ebc-9647-24a354790191;Roosevelt Cummings
d3ceaf6b-3cae-4eb6-8b59-13d13c150f75;Miss Suzanne Hudson
f54f49be-85a7-48d4-94d4-2fa163fafacb;Julio Schultz
d22ab0be-823a-45e5-b35d-7051c746a7c7;Domenica Mosciski
97aab5c9-0beb-412a-96cc-ab6c21bbe869;Mrs. Dorris Farrell
fabdb880-06f0-40a3-b315-d13784bc8bbc;Henriette Johnston
fe5dee82-a06d-432f-9ac1-ded1a35e41e1;Melvina Bernier DDS
c621c0d4-0b70-4540-82c6-11cd5101cfac;Mr. Vincenzo Hilll
c7c454a3-45b8-4128-a3c0-210754be58db;Dr. Ericka Parisian
1d515b4a-897b-4092-aed7-6ce819c47744;Savion Lemke
b518e519-5e60-4d4c-896b-aaacbe5061d3;Bryant Satterfield
770ff27b-e714-424d-a7f6-cbaf87205801;Nicolas Farrell
2f319279-2352-4f88-99bd-5737d3dcaac4;Armand Bashirian
c70b3f91-eb01-460c-bf40-ec9b67e706c6;Keon Tremblay
2867e1cd-8c0b-4802-a22a-9c8b6f77d8ea;Maurice Strosin-Wyman
b964d1d5-8934-417a-832c-34dc46c4059c;Gustavo Gutkowski
8e194ceb-7547-4610-a959-d353ef59262d;Mrs. Flossie Botsford
6a36bece-4d92-4731-8bea-b89701ff537c;Itzel Russel
c2330909-bc0d-4ad2-80d9-481b35a40580;Sidney Collier
79251977-5633-469a-82e9-41eb36516a83;Mathilde Rath
79f19b02-ccf1-45aa-91d9-d0339c2f6dfa;Bernard Abshire
75cbe5f0-12c5-4d50-9e0d-2a13961178e8;Osvaldo Konopelski
7b9e00aa-f1e7-4368-ae3c-a82b6c404add;Tyrone Cremin
ff24503a-9315-49e3-bc47-83c37ee11add;Jeramie Walker MD
803be0ea-c715-4490-8dc1-d81789b38522;Rylan Schmitt
1be63473-d7b9-4497-afca-ab834557d30d;Mayra Waelchi
7d424c3f-59ec-4617-bfe9-e2ae734c805d;Arnold Roberts
6e789a67-8d09-48f2-9f44-c21ee43abb6a;Miss Easter Graham
93901b47-0944-4763-85d2-21f6d34e5c83;Ashton Conroy V
f6006326-f1b9-4a55-bbe2-bc5cf65e855c;Favian Lueilwitz
c7dcf6b4-5066-4281-9189-125cef208fcb;Devin Prosacco
f4dc0ada-d051-4fab-a6a6-8c227ea83f19;Gilda Auer-Hane
8de20b00-3bfc-458a-8414-6b71e927ac9b;Miss Sophie Kassulke
ad4e76fb-5b53-4643-9cf4-2241a4fc2a60;Mr. Ross Gulgowski
a98d375d-12d3-4535-a77a-7a7a22369e06;Mrs. Sheryl Wuckert DVM
3662ec49-c8f4-49f5-9280-1aa9122b7b36;Daniel Runte-Hermann
580befba-47bf-48c0-b0bf-c64c51679983;James Johnston
74aa4114-ce13-4a64-8f5b-4fe83c022859;Mr. Jason Ebert DDS
561ecc33-7444-4118-a1d9-af0788bd52c9;Tatyana Cummings III
aacc0158-6f77-4ab7-b371-7be4ff8ce374;Luis Kiehn
41e3ac87-0991-4afc-aca9-3d3abc13e98d;Delta Ritchie
a308fc48-795b-488f-80d3-c032b0ff15b8;Abdul Botsford MD
2ed3f5c1-7eb3-487d-bb32-614f12fa0110;Colt Weber
006ac07d-0c39-4437-b403-45f5f26af432;Sandy Hills
d041af00-e631-4914-a17c-56ff2a41747f;Jaylin Kirlin
7272e2ab-ecc9-4ebb-984b-0e7bb29e8851;Miss Wendy Parker
84cc3d8b-2753-4390-92ef-2f84c45dc324;Augustine Rice
1a3ddae6-ca81-4b52-b953-d56e79fe2629;Wilton Hickle
e5013137-5deb-4da2-a983-ce10a2e9226f;Nona Hoppe
f048feb1-382d-4068-80d6-7144df31cb61;Garnett Graham I
af4115ed-c63f-4524-bb52-6d931e3f4d63;Erma Franecki
4ed49149-c9d2-42e4-9e0f-15a54409a8ba;Eliane Fahey
c612c44d-3500-4ed8-bd72-537781b08af1;Howard Dickens
fea26200-c677-461d-96d0-3023e202ae9b;Martin Hauck
bd68a49b-cf04-4d0f-850b-d125e2fe410a;Orie Torp
6db71f4b-9f1d-4c6c-bf24-c0627f762003;Rosario Quigley-Steuber
aefe8192-82a4-42e7-9cc7-7138e0eab913;Aaliyah Bradtke
f985dafd-b37c-4684-a42c-fadbb9f5b4c7;Ara Rau
a15f9eab-9ab3-4152-b40a-9b61616b485e;Anibal Schroeder
f3de5347-014f-461f-af0d-a8bbdb4d4154;Josh Schaden
e5a146c3-5638-488d-8349-6cab5e594261;Alta Moore
05986a4f-6c09-4ec0-9208-dbf4f96d38f9;Arnold Mohr
88097f26-0445-42d6-b735-0106cd146f3d;Jeremiah Kerluke
e144f4ea-3e38-4a3b-8708-b4e6985d662e;Bart Waelchi
fbaabe71-2a7f-41f7-b944-7c83b288de16;Maximillian Collins
bad7e5b1-97d5-4243-bdd3-027e299f45b7;Oma Borer
b499f7b2-b5a4-495f-b605-3ba014516d9e;Brown Russel
5a90936d-e98a-44cb-907e-0897da5e2823;Jovany Bahringer V
b37d25b4-d819-42a5-b7a5-219a7153fd87;Mandy Prohaska
1e495959-d64f-4175-b725-2b10b96b7c26;Maia Walker
918516e4-4b30-486f-983c-da4925f49699;Monique Reichert
97e92ca2-f29e-435b-bd7c-f9d0ab9bfa4b;Cleve Buckridge
86176a10-1296-473d-9784-76e7f55a55de;Keegan Kozey
2cebf9d5-dab3-424f-9ad6-cbe70c7858e9;Johan Gottlieb
cddcc75a-4668-4d4f-a5e6-ad4ce1b3fe3d;Jaime Veum
667b0fd6-0caf-4a35-9b5a-7b887feb93bd;Tiffany Hayes
558466ed-25df-4fd4-8ed7-b04808eb5825;Ms. Mia Langworth
a2452368-54ac-408a-90ee-cf5874c5f0a3;Sandrine Simonis
8b49f06a-b04e-4e55-8287-fe7408a3b428;Corrine McDermott
9c16bfb9-2248-48a5-bd85-fa6555b35c97;Urban Koss
37953afa-9938-4d07-8604-fcf34c564a2e;Carmelo Bogan
832d3e8c-5f3a-4fea-8db4-cb19599e202b;Kenny Kiehn
9bebad70-cb7b-4e48-a9a4-d53e36c867b5;Caitlyn Bashirian
dd5a6a8d-4d27-4ca0-ab03-c54070471cc0;Santina Roberts
19d80551-4e54-4328-b89e-65a44cfc614a;Barbara Walker DDS
a4613f35-f413-4411-896b-4767ecec1630;Dallas Pollich
5c0a0962-6d7d-4cc0-bcd4-9af8325093f5;Jessica Ebert
437906a4-ad99-4c48-b318-d0e1c601998a;Melissa Batz PhD
d5bb060d-7cd8-4b28-ad7f-827ea9b4f312;Alene Bednar
a56b938a-535b-40b4-ba32-9df49775b8a0;Mrs. Raven Kovacek
229dff63-76f2-4217-9524-c56af369d053;Sonya Cartwright
f59b7223-a32a-4581-a0a7-8cd7d107c872;Wilfredo Schuppe
fae15353-97bf-48fa-a78a-82f83a04e797;Susie Lang
70365fc2-9d7a-47ae-9d29-9c5186fd7526;Lia Fisher
82d1e4c1-dc1c-47c8-8dad-433293cea793;Ira Bradtke
22264ac7-e679-421e-a9e5-8bea3793015d;Simon Marks
2b78a3cc-bc91-4ce3-8bce-1bed98ed7044;Howard Price
0cb0f219-2278-4e43-8def-df96131a823d;Sophia Ortiz
89e6bbd0-041f-40c2-b30d-257ca6b7e00f;Peyton Wyman
c9794223-d31f-4c90-99bc-bea8148d34b8;Jonathon Franecki
c48ef612-876d-4f6e-b8ac-6366c2f30da7;Dusty Wyman
73188527-995d-42bb-9023-3fef44379951;Garett Connelly
a6ff5d4f-f28a-4de8-ba10-f5eb4f187bb8;Hattie Schinner
b67171bd-a326-4e3a-8302-78fe9ac5bdcd;Mr. Vance Hickle
2c0df886-d915-4479-aa69-c50e7f6d79ca;Wilfred Bogisich
020fcafd-e8d4-4f1e-9321-d883117816a6;Omer Bednar
171056c6-d767-4dc8-9d2f-dbc0b2c231fa;Alize O'Kon
d613a72e-5665-4c71-aa22-090bd4daa992;Edmond Terry-Franecki
ab60c74d-2007-4e18-a9de-b498b78c80b8;Heloise Crist IV
de4fda29-8593-4b56-9660-bfb8c36de429;Unique Turner
c9242230-32ec-4eb1-9d94-484f6f5b4112;Wyman Corkery
01a88132-8f28-48a5-b87d-24c1db5b0000;Judge Little
5925cf2e-3d61-43ef-ba7d-969200f876a8;Jordon McLaughlin
4f8dfae0-5eb1-4c6b-8935-9d0b6ea9e374;Ole Bartell
49383064-852c-43c5-a316-b21dcf1f801d;Marshall Leannon PhD
f0403470-8626-4996-8064-5939946da886;Jamil Leffler
91c55277-3515-4844-810b-b1a2df27e1a0;Liana Lehner
eb8d2929-eaae-434c-b5c9-5c6c7c24d49b;Robb Prosacco Jr.
d0b8ce89-9777-422f-b766-893054640d92;Brandon Ledner
7b46e94b-df28-448e-968e-ae588066563d;Desmond Reichert
baf30742-9f99-4327-aa5e-d805672e1f7f;Frank Bogisich
8ddf0b82-6099-4e97-84d1-49585589295f;Hoyt Schimmel
fb73b95c-b1cd-476c-a5d4-1e44bfdb47f3;Marion Skiles
1cc6eea0-ebc7-49d9-80b6-b536771a80ce;Otilia DuBuque II
4269d622-cf09-4db2-a794-31e22136f340;Arielle Schmitt
304cb540-3e60-4e30-b98a-d1d81308bde4;Cristal Daniel-Pagac
bdaafba1-562f-41d5-b121-151d0a780c25;Mercedes Kunde
0420effb-364f-44d5-a975-220c77b2fd30;Jaunita Kling
a78eb136-f7eb-48b9-ba0f-1d50bf9225b3;Isidro Kuhn
97f04553-8b5f-4e05-9c00-6b9b9a3743dc;Garrick Trantow
57c03bcf-cacc-4ddb-99bb-c700d2000483;Mrs. Shelley Wintheiser
5604a024-0f5e-487f-84ee-a6a1a4ed2a4f;Haylee McKenzie
5546be39-0efc-4c5c-84a3-f87d43039322;Citlalli O'Hara
29bd0c52-fcbb-49b8-a6f2-617652aafb4d;Rico Roob
f79d0351-6fcf-496d-a00a-78ec4ea8328e;Eloisa Kuvalis
e059bc30-02d3-4807-b662-bd093b437172;Clemmie Wunsch
125e3f4e-b26b-4a7f-87e5-f71f6d7186c4;Narciso Crona
0901c47e-f5bc-4c0f-b15c-93242b3b1901;Bradley Borer
3bd0d9e6-8b74-4d9c-a05d-3fc4335bf0ea;Tracey Koelpin
b4874bf2-2a66-4f70-8e6c-546d9672de19;Shanel Wolff
465462cc-8431-4a7a-8a06-30b20b0cf883;Nickolas Gutmann
fab91c9c-6469-49d7-ac06-40183d54a8ec;Mrs. Devan Sanford
83277f89-5106-45a6-97eb-cb881759cce0;Alma Parisian
0e763955-2d01-4894-8b5c-a3d6dfeb5255;Camron Cummings
4f2bd6c3-677b-4939-a3f4-06de74ed5518;Sebastian Parker
8c9d4ed4-4152-4b98-afcc-d219018be796;Lelah Powlowski
d5ddfa66-f916-438d-a090-016db5a92891;Marcelle Parisian
d7cb0e42-e33a-4ca8-af73-a17132fd57b8;Mary Erdman
fdcc99db-0742-483e-a3f9-033a9bcda1d2;Kendrick Hills-Fritsch
d78a5745-6642-4b1f-b9e3-95464b331775;Wyman Brekke
e64a0780-a7c3-4455-ab57-6c19d7e6522e;Josue Emard
29ad0025-44e9-452a-8629-1e0e2d3900a2;Mr. Leon Kessler
39fb2621-698e-4171-b1ae-1289c8f36972;Regina Collins
355c3202-c5b8-4e34-9742-c0a36da58202;Juston Beatty
c7c8081e-545c-4678-9246-f1d45bf25fba;Helmer Kassulke
5ac92768-110e-4d4c-91f4-c336f17cca8d;Aurelie Ruecker
884940a4-a3b5-49cc-b32e-961486e7b7fb;Imelda Witting
86783b4b-3bf4-4034-ae78-f6f0ce09d8a4;Jackie Reynolds
c377eb31-9101-4c2a-b10e-f8d6e8b7c488;Dayana D'Amore
1be6a260-36f9-4aac-b67b-67397b45d467;Brown Haag
b1b93cd5-b701-4a31-81ca-cf77724a58cc;Davion Jaskolski
d7261be0-5906-4268-a5c4-45be4d182e9e;Lilyan Collier
b6856cdc-310a-4bd3-9092-a55efc19e5ee;Miss Leigh Erdman
39195435-e17c-4687-87ef-91b37b99ac07;Ally Ledner II
410f9e8d-72d0-4190-a6c6-ead9512b031e;Elenor Hermiston
a7dfbc80-7d61-4d25-89fa-e2f53f4e0ef7;Tevin Treutel
0670347a-5e09-4faa-a525-e52a68f3aaf7;Abel Gulgowski
7c1d14e3-f390-41f7-96f1-8862c3e7f4b4;Garrison Brown
b5cb230c-915e-43cb-8dd3-5ec31a280db6;Clarabelle Gutmann
17452e16-a8f7-4fda-a980-5bdd78cc6197;Melissa Mosciski
10c62527-822d-43cd-bfe2-d40f4f1259b8;Adell Schaden
e8f993d2-a3b2-47e4-b68f-3a9226352d92;Cali Corwin
f338777c-e8b0-4b16-a21b-7b3ccfb18395;Ms. Dorcas Bauch
a8485a56-086e-45b5-9eae-2ea40bc5251a;Alva Hagenes
e66e1f0e-395b-401e-903d-eefb03526a9b;Derek Ryan
d9c7c216-a82b-4eab-af29-301e48943423;Isadore Lehner
e31aca25-161f-4351-84c1-65ecc4d51060;Madeline Stokes
985a1e61-b262-4326-b2f0-d4e5205d47fb;Brenda O'Keefe
282b972c-fd15-4484-83f7-e62dd494e4cc;Merritt Brakus
7b80da7c-707e-4847-b30d-6d9ab01888e2;Olivia Stroman
93b5d805-5e7b-47c8-bca6-6c0c0c645b9e;Ali Anderson
c0297b99-ebe3-4760-8ccb-f36e75af4293;Mr. Emerson Deckow
4b68e287-cccb-42a1-b4a5-07676f9d191d;Joshua Will
4bce8835-e47d-4e45-9527-a14e89377fc1;Christelle Borer
040c3bf8-106e-44da-9ce5-b772cc9e7192;Mr. Americo Kuphal
ea40ef30-1501-4311-8c3b-98065168ff8a;Ephraim Zieme
5f9c4aa8-239b-4338-abde-28330324575c;Teri Jaskolski II
8571b727-afa1-4e53-bf6a-d6ce8a36fa9e;Bernadette Willms Sr.
b42e531f-0878-4829-ab64-e2bfb2dd042a;Dr. Lela Gibson
fdb887ff-a7a6-48b0-941b-56f296bd7e46;Hubert Beer
580f7140-1d4c-490b-aa48-2179f8f33670;Jacquelyn Schiller
88969ea0-80b2-46c6-aef9-6376e5935080;Lia Oberbrunner
27a008e6-6b6b-412c-a6be-46b730b1b50a;Onie Jacobs DVM
91d22bc8-efa3-432c-b81a-b366abc359ab;Garth Skiles
7b299e72-3ac5-4774-ba8d-da05ab5185e6;Melinda Lebsack
a0721ea4-5962-4d79-917d-33c8a3145346;Mr. Russell Hirthe
3206ac89-7bb1-4751-85ee-aeb50187bba7;Felipa Harris
a86614f7-7411-4d52-a0b3-d52e72375093;Ms. Patricia Hettinger
69a77abc-a2bc-45c0-9f1f-2332c0f0c514;Alexandrea Ryan
d4eb9245-484b-43ff-b1de-32ad002d0a6b;Ebony Johnston
3da08ef8-7a2e-48d5-84f4-3c2180211b8c;Ms. Loy Rowe
abcaa4f0-119b-4e40-a363-24c4194c1b3d;Ms. Maida Rogahn
68d1e040-6b81-4477-b708-c25359035c45;Rebeka Roob
58789c1e-bc6c-400c-bb52-dd1b215cf64a;Zander Bernier
f4d64212-93ed-4461-bca5-dd14e67b9a6a;Lee Barton
6117baec-38ba-4b56-a8f8-a2fbd61f293c;Hertha McDermott
9648bfc8-d810-4efd-a28a-40a0a3aa8a8b;Brando Heidenreich
ab12cfbc-b983-45bc-b5e9-91d3f87dffd7;Rory Ward
2ef5905f-b20f-4f89-afa4-f7005a4d34af;Margie Beer
f7671718-624e-46b1-b689-56b6892ba5b7;Mathew Paucek
02cba27a-4bf5-41df-b5fb-69b7b312d69d;Kaleigh Haag
dfa131bd-79a7-4a54-bb14-a5f5ec6aa48e;Garland Kreiger II
79bcb9dc-90bd-46e6-b130-5d849239d2a1;Camron Skiles
8a4a788a-ca61-4521-88eb-2b0151ab0f88;Triston Kuphal
7408f62f-7ce6-48c0-997e-476de22caee2;Toni Boehm
7d270605-0b30-4bb1-a6ef-e231c585a4bc;Isidro Buckridge
ef683fde-08ef-4807-865c-d8ed2e145ff7;Nicholaus Lesch
fd56841d-738b-4b22-8a73-fae67dc9458e;Axel Hayes
ce7131bf-b1b4-46e4-b10a-87e69970b8fd;Roderick Schiller V
8435d7e4-7c1f-4871-9809-b92952529028;Miles Beier
59bef369-95fc-4ae7-96ff-9de823185a04;Clifton Tromp
e3166917-3c87-41d1-a0a9-5f57576da14f;Xander Rodriguez
b5c19cf9-54e9-4ebd-b034-35a97086932a;Yessenia Nader
8d6058e6-af64-41f2-bc3b-91ad04e23a3c;Maximilian Rosenbaum
683a2e81-c406-47c4-bfc6-71a7cc9e06f7;Mrs. Janelle Schneider
ace866bb-20cb-47d2-a983-b237a13b12c3;Kristopher Heidenreich
9b5c1d25-9e7b-4405-b3e7-6c153b6a7081;Guy Okuneva
1b53c5f6-a2d0-48e5-872b-a4b5657a65d5;Jakayla Bergnaum
9ce7b71a-d4fa-4d5f-9f9c-6d45c01a5a29;Elfrieda Bradtke
b416128e-d98d-4ac1-a687-5f580a1f7dcd;Ginger Zulauf
92ccea17-0495-4500-888b-5a2980fd9869;Dr. Eldon Armstrong
b7497632-8bf7-4451-84b1-30b4f5b0f086;Sonja Pfeffer
88458d71-6105-4569-8c40-5e46e0130faf;Shad Mante
a39c342f-dea8-415b-a450-558016d4f929;Mr. Eldred Maggio
d106c44e-857f-4645-9fa9-f40cd0ae2a2b;Lawson Hane PhD
329e1bd3-32df-4a67-8358-dd20a0b595bc;Leon Langworth
6c721f67-8e45-4a50-8c37-66e54545928a;Kristian Prohaska
93e67a18-f5f8-4e35-8b41-170f0f1f9396;Charley Block
d5be4c5e-e48c-4e98-afee-2cc991060458;Felton Herzog PhD
f5ca1d3c-a82c-4627-893b-5fe714f14556;Addie Stehr
6187a008-5058-4d63-8eef-209786d5eed5;Adah Lynch
076d9d73-fdcb-4d28-a9fe-f327c3607acb;Tatum Deckow
09ab9ea4-caaf-48fe-b4f2-869653978adc;Isom Von
bdbb6fea-f092-4b6a-bec8-45ff7d9c0057;Cordell Tremblay PhD
1a354053-6c03-422c-8055-578989bfd1e7;Oma Koch
be092e0e-2b6a-4015-a2fc-b2ef52be8726;Brad Auer
e780e0a5-9081-4426-9d93-0f6680489e4d;Stacy Purdy
a575e758-6b17-4f1e-a55b-40133cdc2638;Hilton Abbott I
a5e61fdb-f1e5-4c49-bd4d-8dc5d4806bdd;Benny Willms I
13d3ff3d-486e-4306-981d-2e7a39dfd067;Kiana Pfeffer
fc375075-5721-41a3-ac7b-fba7caf75817;Miss Berniece Mueller
61b9cc78-bd2d-4fcb-bf8c-e8269ec23454;Madilyn Harber
b567637b-7a6b-4ae6-afee-094d95df4d49;Bernie Murphy
466c98cc-9171-472f-b601-2ac71d844b96;Barbara Simonis-Wilderman
5f788a91-20a7-4ff0-a211-6ee95c60aa58;Florian Feil I
70f3515e-de99-42d4-8460-30c40acad0d8;Ms. Mina Stark
17236ed3-e2cd-414f-80d3-d9c918860edc;Katrina Johns I
16a15a86-ecac-43b6-9912-cd4a936138a9;Maverick Walter
b322ce5a-0f08-4c1e-8fc2-461ea7d814ec;Darrell Sanford
dbef8f5e-f712-4523-9c53-f884c8820dae;Baby Lind DVM
218984ef-54ca-49c5-848e-88991052c12d;Ford Keebler
304d3a74-acbf-4d33-9cba-6d2009955834;Jesse Wunsch
7e02c3ea-dce7-42cd-9400-61c6db2a775f;Jace O'Reilly
ec3a56d5-a0bf-493f-97ff-9cb67fa8f535;Charley Kautzer
d22bad76-a599-4b82-9049-5947fd9fbefb;Anita Spencer
2eeb3f8d-f15a-49a5-8f1b-044680026eb2;Meaghan Schaden-Altenwerth
47c89b43-ac09-4135-a743-70bfeea414ae;Pearl Blanda-Krajcik
2308cb38-ce7c-4dee-994c-4581e533e58d;Santiago Baumbach MD
3389e80f-6198-4227-9ae3-241af5de48cf;Miss Loma Kilback
d0bbcad7-9f46-442c-8c4e-4800d12d9a24;Melody Hamill
d94816b7-9c03-4d21-ac7b-b63bda98a23c;Annalise Davis
e8f188f2-d0b0-49b5-b8ab-5c0b1c2b6583;Ryan Stamm
b4bb7b12-8247-4998-9da8-6384da123dec;Mr. Cali Koss
35a4204d-ea62-4140-993d-f9d12501f2ec;Elfrieda Wehner-O'Hara
ac768da0-9683-4f7c-aa7c-a81766699f90;Abbey Spinka
58c15d98-366f-4f8b-a16d-ce5de6350ae7;Judith Ortiz
581aab53-aaac-4823-a2d7-12e4a4db6db3;Susanna Kilback
2bd4c1cd-be84-42c1-a058-42d5af45cfd9;Ashlynn Olson
395714f5-2232-4c87-91c7-0de0d36c2b92;Lenore Jenkins
45043040-10b0-4458-bf39-55b456506eae;Reilly Quitzon
359d6321-a7ad-43a6-bef1-93291cb5ca80;Matthew Heathcote
6b432d7b-6c10-4f1b-975e-1f2a696ca36d;Aracely Erdman-Morar
d3786566-6af2-44d5-98a8-479d815d9322;Mindy Cassin
3346d71d-ebf3-4305-8766-d6ad4f57cfb4;Aditya Lakin
d56b792a-14a6-4c31-bad6-cae1c788f9bc;Aylin Hand
5bb2bef9-10cd-40b4-baa7-7b777ffef2a0;Onie Schumm
3c356c12-eeab-4455-88b5-577591b2e6d0;Lila Larkin
bca03002-fa8a-427a-b420-5d38e628b879;Jacklyn Yost
a9131436-05c0-4494-a179-77140798088d;Coby Jacobs
9f6e5003-28da-448a-a63b-ada219855432;Alberta Bergnaum
c7a853f4-0ee8-4017-82f5-716ae5fc4ce1;Miss Kiley Bruen
6e82169a-02ee-4e91-be2c-d3b584be8758;Trey Jacobi
b9e973bb-8d97-41a5-a765-bb7a9d226543;Maurine Rice
7e918595-cc06-4b6f-b0bb-f2bf81797072;Darryl Rippin
5c36f9d9-4b66-4f77-921e-16356582b536;Martina Windler
acca6345-23ad-4ad2-a8b3-886feaf0ff54;Mikayla Dickinson
efae56ab-df88-432e-a19c-f942bf77cd85;Peter Grant
1781c429-adec-4853-9a13-807654a756a4;Kattie Sawayn Jr.
18d57b4b-7ff6-414a-9f97-659f9eaa14f1;Julia Feest
9477937a-4242-4a0a-8b12-33d751a6a000;Aric Halvorson-Schultz
9a8f0612-29fe-4384-82bd-c6b536f1f13a;Mario Rolfson
c655444b-5e98-4576-a24c-6224b8d48a56;Krystel Ullrich
129d4a39-cd0b-4943-9211-ed97ffe8388f;Don Murray
485b8c31-244c-4cca-b734-a9aab1445775;Uriah Bednar
a4458d54-6dc8-4749-84c4-70c8c8885d60;Jessika Wisoky
80b42872-1f22-41f7-b324-07a3c4276569;London Schulist
5f6345b0-58fc-4457-9948-13c314e582e7;Kendra Yundt
998b3d12-e202-42a8-a97b-e0bc03c7a43c;Hoyt Thiel
7dc1ddb1-10b4-4efd-9fa4-0e5a701d2fba;Saul Kohler PhD
26dd306b-2d56-42eb-8d78-95ac279597ff;Misael Marvin IV
b8c58650-b596-44c9-a7b6-972e7d6fbcc6;Dr. Jaden Bernhard-Sporer
76c0dbe8-9122-4e3a-a758-92adc87d220d;Vladimir Ruecker-Stark
2829b466-a2b2-4e6c-9215-03e52883ad99;Mazie O'Conner
8c8457b8-665e-4db3-a625-66b8e681eb34;Ivah Steuber
79ba2e5c-e8f4-4568-9f66-31f9244ba7ae;Trever Wiza
791c46c7-e6e2-4798-b9a6-b1c10f280cdf;Lorine Wintheiser
44e2a7a9-cc2c-4df4-8b7a-87ac7bc483df;Danika Brown IV
787cbc83-6ae1-4a7f-bb0a-492369ef6bb6;Mrs. Maeve Bosco
60b8111f-ff50-4c47-82e7-094337a2b6ad;Maiya Effertz
fe33bbb6-8c32-4b48-a6d7-694c13a44141;Kendall Kemmer
70d12f3c-408b-4472-9757-a5e3a2ba5ec8;Karla Toy
6b74da38-abcf-4a81-a56d-7af7f3e8944d;Edward Streich
ae44ae34-be11-4813-9853-593dcd121fa4;Imelda Murazik
56045283-4ced-41ba-a15d-b63598212f32;Jamil Olson-Nicolas
6c6c4af7-92ed-45b9-b5f8-6f2589297c83;Eleanore Harber
28fdaf89-f9c4-4815-b275-18b50458dcdc;Kira Simonis MD
0e0f3073-cd46-4f96-888f-685e016bc839;Maxime Shields
fb947555-930e-4aec-9574-882f8a184759;Cathy Friesen
cc853133-2231-47e9-b5ad-fb5dd95da739;Mrs. Debra Mosciski
779a14be-51fd-4aeb-84a4-86505992aa41;Craig VonRueden
0d51962c-9afc-49de-985a-f20ab4b018cb;Margot McCullough
b25911bd-5655-4727-b0d2-2dd1e51ef2d8;Mr. Merlin Davis
787aa2ae-54fc-4af9-b33f-cea12d27b6f5;Germaine Windler
6de212e4-5b77-460f-8129-2bd1479d540f;Isac Ferry
5195585b-0c68-4d18-8db8-d18d19d1f39b;Benedict Feeney
811fabc6-71dc-4ce3-89fb-dd53efa1382e;Earnestine Wisoky
1269ad85-0a5d-4747-ab19-830df66feca7;Khalid Hamill
04e90570-dfa4-4451-9e29-be25aa6418cf;Calista Will
aa897f6e-f531-42d9-95bd-f50d1d2b070e;Ciara Cruickshank
fec1f1e5-302e-4674-88ec-6cd56b9fd0ad;Toy Barrows
45103a1a-0707-44df-b609-635a3178a0bd;Jody Schuppe-Fadel
4efdcb5c-f156-42f1-9df5-9501f9884a19;Karianne Schmidt
01a5cda2-b354-469c-8543-40a870c05f42;Darrick Satterfield III
e5d57f23-3ddc-4c0d-9a90-bc05f37f50e6;Rahul Ratke
3c881469-4907-4912-b574-5c426b0c45fe;Malika Tillman
1527eb1b-2161-47e3-93c2-40dc69f7551b;Deonte Dickens
12563959-82a5-4095-82e8-fc5e273895ac;Peter Kulas
16ef5779-51ae-4cc3-9820-7d2735bf74da;Mr. Garrett Stroman
c8e1fcf1-0859-4b8d-b3c1-c2260191dc55;Kelsie Lubowitz
a5c44253-adb3-466e-adad-35a8b9f0333d;Sadye Quigley
5457ec17-d29b-4be7-90a8-fc6eb9ced218;Price Krajcik
33783f71-df07-479b-9e62-9dc8d9ab27d4;Miss Katherine McDermott
2017bda9-5804-4e0f-9fea-2f267b463431;Eve Jaskolski
f9362aa5-dc2a-4644-95ce-01546e467f5b;Spencer Hintz
e5da7c71-45e7-4d15-965d-bcb8c00e439f;Jarod Koepp
a70a82e4-abfd-45ff-8de2-caef1798c12b;Irma Streich
ebc3cdc1-d91e-410e-93e4-8da0778f16e9;Dovie Robel DVM
d325eec6-dfa5-4727-9678-5740d58a81ae;Gaston Fritsch
bcba7590-33cc-4f45-ad24-9e7fc24ef454;Emelia McDermott
0dc7287a-14d0-4f2f-9ac5-a9b8fc90a121;Oma Pagac III
e8c572e4-3b61-4411-b86b-b1112cd04ca3;Mr. Ian Shanahan
493261d7-140a-42f4-ada3-63ab92a569de;Winston Terry
55a5630e-996e-4ba4-bfde-3289110ce107;Joy Swift
8c3940db-14dc-4921-80e2-8260f0713c6d;Lonie Kshlerin
05fa28f0-cb2f-4eb0-a2b8-2d2b5482c059;Keshawn Leannon
4eeae7d6-d859-4a79-96de-93a612a8b6ee;Tristian Rippin
191e6320-71fd-4155-be30-42c0a3f68606;Muriel Murazik
ddd6d1a5-f994-4c6d-bd8d-def8c4a820eb;Mr. Dillan Zemlak
062c48a3-990f-40db-8ba9-d1e068100036;Mr. Rocky Flatley
c59ba824-1a08-4cf5-a1de-6046cffaa68a;Cody Ferry
9f325cf8-52f7-48b0-a757-730139ebe645;Angelo Breitenberg MD
816c5df9-6b1d-426f-bc1e-75406ae14d18;Jordan Reynolds I
dd1cf8c9-95f1-4e21-9c88-4215acf8788a;Lionel Davis
9514a6a7-3fe2-44f6-86e5-61601c578ca5;Reta Schmeler
67a9a8e0-ca2d-4c8f-9104-03fc3912b89e;Mr. Art Schultz-Walsh
84b4a139-2dfe-4040-ab88-6b9522a35a33;Austyn Turcotte
126e4500-a4f3-4d0b-8747-2e75863fdc77;Ollie Cronin
f4f8a006-18af-49a8-bc4c-2cca15bd2c90;Brannon Abbott DDS
df2f2a64-6571-4711-af13-afa8e4a02081;Nico Skiles
6e86482c-b750-4b5c-8b9b-362a338bc5b1;Americo Fisher
0d0bc9a1-d1f9-4654-9dd9-68589a7767b5;Tobin Spencer
6caf9197-e101-471e-8ad6-830f4c85bc05;Rodrigo Morissette Jr.
f3b1eed3-ebf5-496d-81b3-42e0319b700b;Dr. Treva Howe
62e888c0-1fe9-4b88-aa58-faf772fc9022;Scottie Thiel I
604da470-0101-4463-9381-5e1deb95ed4c;Chadrick Harris
cbaf44ba-bd16-48e7-8ec8-57266b347a2e;Cayla Will
a7730f6e-2111-4e07-9248-067185acbc92;Newell Kris
b0512bc6-fe1b-42e4-a28f-6d463959fc02;Estell Graham
6f60d9a3-a8f0-45d7-92d9-cb25dda92310;Barton Luettgen
b3c38b61-29dd-43f3-be78-9ff65338cfa9;Leopold Rohan
661ff438-0563-45b8-9c03-a3109f0311e9;Antonia Mills
2c660e52-38b2-4992-bfed-97843012da3b;Angel Leffler I
8c3a5086-4814-42c6-b07a-da02d5f58737;Mr. Brant Dietrich-Gulgowski
b37c69cb-0458-41c7-9dad-1ae12b96e187;Sheila Torphy
12af6f49-762d-43c9-8c08-64608a7927fd;Aric Thompson
53abb898-b564-4132-aa17-efd9467989fc;Micaela Armstrong
13f28d45-644b-455f-9fe4-57a5d46232c5;Ellsworth Littel
61fd637e-00b6-4b6b-a0bb-5db6601ee232;Colby O'Keefe
388c38ba-a6ab-455c-947b-c32ebe18a8ad;Kiel Lesch
974ae115-9372-4945-abd0-62a859edc6d1;Cruz Doyle
8cf5b5a4-392a-4906-a20a-85cc676564f5;Jaylin Stanton
143c5158-32f1-4a5d-953e-bac3cac819a6;Ralph Wisoky
d5fd7981-2bcf-46a7-8b0c-bc68375477a0;Maximillia Langosh
b9fea6ab-3629-45d1-8a37-f0a1239cb7da;Zetta Watsica Sr.
f339533e-6517-4fac-a45f-5e84e865e081;Eudora Bogan
e9c3300c-13a4-4d1e-91a4-ab7b85e39960;Cordia Morissette
b3d10197-ebfc-436f-acfe-a6984bdc4f94;Leif Williamson
dc8bec8e-0aee-4f52-b2c5-d71e68e33cca;Joy Stroman
8619a583-de69-4abc-b8ac-9d44a3255ee7;Mr. Jammie Schuppe
791fcadf-2b42-47cf-bac5-261401951f81;Lauretta Weimann
44bc6163-d125-430a-9040-a62e8198012d;Christelle Zemlak
2fb5674b-3629-4be9-8ae8-67707ad4bf62;Jamir Kuhic
cc3070b5-5f1c-4019-bb0f-088b73dcf0de;Elmore Erdman
e0459194-2e1b-4635-a141-fbe380ad0b7b;Judith Green IV
dfec1e9a-12b0-496e-a728-f1657b029fa0;Francis Rath-Yundt
967ccee9-dc80-4c26-8853-71bfe3a3edcc;Price Zieme
d4d2b644-4c98-4ea0-b71a-44d9a5f01884;Brenda Doyle
bbdf0e98-9de2-4ed0-b941-c0a51993e8be;Miss Adele Keebler
81e674b3-3550-45d5-8e69-fe784696dbff;Tate Kuvalis
d2713d3f-30eb-4410-95e5-0a86efff7efc;Ellis Osinski
105dc959-de18-4c5c-9d5c-079b085248f1;Tremayne Paucek
8aa02291-3f55-44cd-b961-c9fd9ebbb167;Ms. Kathryne Zieme
12f7ad35-f416-4f49-8c32-5a287e7dec93;Miss Arielle Heller
fb493305-c165-4559-8fe8-f2d56410cd71;Kenna Cormier
9ddbae2a-943d-4f49-bcdf-2da286b6779b;Misael Satterfield
20113b7d-2ca6-46fc-bd85-2be690947810;Dan Cole
799c8194-34ad-4818-920b-87353de198a3;Kody Auer I
771d407a-1350-4e6e-9641-23cab5b23ca2;Shelia Schmidt
ab613719-7962-4439-b1fb-52793c3ea51a;Verna Schumm III
489b04dd-9e7e-49eb-9d19-9117ec4ec470;Herta Bernhard
d03d9edb-d91c-4910-9a3f-169f28b2a7b8;Alison Frami
698ff425-d099-4bc5-87ef-a8afec4ea38d;Skylar Yundt
f1637dce-3a1b-48f6-b897-6bd90aa51839;Maybell Ruecker
03def7ce-e3c3-4861-a983-10827d5685c0;Kristy West
dabd9db5-96ac-4da9-bd0a-764a6be20aa3;Rogelio Skiles
010452c8-a426-4ed4-9289-94b93082ec63;Beau Langosh V
044eb2fa-7245-4fc9-ad18-b3faf18f6b0c;Rosalyn Ankunding
fcae3632-ba8a-436b-87c2-c375d9aed1da;Korbin Ebert
96d9c065-ac05-4d65-b10f-53b509ee2523;Angus Crooks
86ea5667-2a0b-4388-9435-5ba7fa85b661;Rodrick Weber
3e54d47d-d33c-48b5-8a31-985bf1caa6a1;Nathanial Boyle
657ac81c-32ee-4a15-af52-fcb6a83847f1;Miss Sienna Little
0d052a06-1288-4fe0-a370-412bbb9aaa5a;Paxton Luettgen
d640936d-465c-4cc9-b48f-0e248fccb7f4;Elsie Schroeder
6b559d73-afca-4c45-ad20-dce565ce2383;Irvin Koss
b1753362-2b1c-4a14-afca-4e0871539ffe;Coy Cruickshank
d9d2495b-80ad-4511-8a34-f1d25712a0e0;Mr. Jamal Emmerich
b6e52a34-9c43-4525-8816-eb40a67659c4;Gage Braun-Mayer
63df9dbc-e127-4479-814c-6c694d4aca97;Maryann Homenick
2fa7cbea-6393-4a56-97b4-e03692e14d21;Forrest Kuphal
1f15856f-62c4-4604-9d13-32630a6a6ce5;Salvatore Zieme
004f6dd9-2741-4f8c-8d1e-fdf9c6ac7746;Ms. Rubie Hoppe
f8675f13-1010-48dd-972b-4918a47d1675;Sandy Spinka
3aacf04a-be71-4594-a43c-0e76df6a32db;Glenda McClure
64d71242-c1d8-4f74-a7a0-fe992aad6cee;Magdalena Erdman
5443a5ee-65b1-4062-b3a5-dfb38c527f70;Jaime Kling
fd87839b-373e-41fd-9261-afb6663d5282;Seth Jones-Stokes
264c0f63-57e8-46e2-bda6-335ef738bfed;Krista Koelpin IV
3ada83be-ab39-43f1-8516-064686cb029d;Andres Sawayn-Glover
75e686ba-d27d-466a-929b-fb95b06441c1;Karlee Kris
146aabac-b48e-4ceb-9ac6-718fc1b12abe;Mr. Henderson Kutch
40960afd-4b9a-426c-b6c9-54a1b4b2e477;Johnnie Yundt
865ba24b-2721-4c28-bb52-27d768373c22;Stephon Kessler PhD
d3258f34-1dc8-436c-97c2-2c9ee42fd2bb;Quentin Luettgen
5c125ddd-cba5-4438-b5ab-44b169522a48;Luciano Von
c9380da4-38c4-44cd-8951-798a93d92eb3;Jacqueline Toy DDS
9c9c937a-123a-4b59-8a96-2b0a4c94245d;Mr. Brenden Block
5c93c380-e46d-4259-bc4a-9119d497e77d;Kade Oberbrunner-Okuneva
8f3c4320-2459-4485-9622-52fe764b6e47;Mr. Frankie Mann
20c9be13-54d1-46a8-9b8f-73305b901c6e;Miss Britney Lemke
3623271e-4e86-44fe-ab16-d179d3e3b43a;Name Rempel V
cc48a5c2-0c7b-467d-a285-2915295e2e26;Johnathan Douglas
becd9c97-d94a-4c9a-b3d1-b940a61bf2d0;Omar Denesik
0bb507ec-c04a-4968-b4ee-606a47f83fc0;Francis Turcotte
853fe5e9-a2fc-4cf4-bd9f-ef6f9fafd83e;Marcus Ortiz
ebf6e54a-05d0-4fdd-853a-4d9822e3e0f9;Kattie Erdman
93852b66-80ec-451f-bd2e-ce8a958de31f;Miss Angie Johns
8743c71b-fcf2-4127-832c-2e88f7ba59f3;Braxton O'Conner
164dd946-d484-44ab-b418-d10f66f0f514;Daphnee Grimes
c9ac99ee-f384-45f1-9c9b-90b0e4b66c67;Glen Satterfield
4685cb52-ed1d-4525-bce4-5c5a323b56ec;Janis Wolf
f9f8927e-1c4f-4229-9a64-f2ddb66b1bef;Pauline Bins
34ec1c4f-b9f4-47ad-a713-99fece077f68;Elza Harvey-Sipes
66addff5-c43d-4a3b-9f41-c49b70c1e265;Lacey McLaughlin
63f23888-949b-429d-bcc9-816b7c66fd97;Cathryn Dare
e2e80196-af65-4728-8292-2b8f74308698;Mr. Chandler O'Connell
7716dda9-790e-46b3-8ddb-7907f6be7aa7;Jo Gislason DDS
501fa83d-3704-49d5-9e76-782ba1c9b298;Johnathon Goyette
ebb1815e-f3e8-402d-ada5-198caeed3138;Nels Hauck
5273d619-e00f-4ee7-9298-c310c880a444;Favian Kutch
ef742a14-0c5a-43ea-b3b1-c140c8defc23;Delphia Smith
b450a7df-48ac-4465-93ad-0b2761e5dfbf;Wendy Johns
c81be18c-ac6e-4631-a0af-f40faeca8b3c;Sandra Morissette
31dad22d-509b-4749-ae5f-d45ec835b54b;Darron Cartwright II
abfcd509-9b62-47a9-9726-3aabbface9d6;Adelbert Schultz
4da934ae-cf0c-47c8-a0df-2c4c039232ee;Andres Vandervort
2a093e46-8675-4e84-883c-40747635cb6d;Irma Hodkiewicz
51ab39cd-5dce-456b-82c8-cfcf381d6280;Jess Streich
3aa9c73c-4e85-4519-9207-86e8c866b7b9;Dwayne Doyle Sr.
c4719d89-5e62-42b9-8244-681f19e96eb5;Alene Reilly
95357d0a-06ed-4183-a6c3-1386e7f459dd;Fred Stiedemann
5475a5ef-d534-4c21-878b-99953aff8713;Romaine Gleason
98b9ed8b-1f68-43af-a711-bfaaf607ddc8;Eleonore Pouros
93f6a3ae-721d-42ab-99f1-b363d9fc7ab6;Nola Waters
7d46436f-59ab-40e3-91fb-eb2738a3c246;Wm Gusikowski
b0dbbd43-a64d-4417-97b7-58be1a4907eb;Francisco Schuppe Jr.
f44c1dd5-e5c1-4fd5-949f-310e220b7aa4;Shari Bashirian
6fedf1ff-7bb4-49bd-ab73-24812efe9950;Sylvester Kuvalis
853ef540-6008-4f66-8bcf-385252864725;Reece Halvorson
fd5497d9-2338-4cec-8980-12caa6ab6fc8;Michele Beatty
596ccf32-2f7b-4dc8-a319-e6e91094f1ca;Mr. Henderson Tromp
7b1f16df-2099-4548-b042-579cdef2c3a0;Shawn Schmitt
809df74d-71a4-417c-835f-3bb91aec73f0;Jacky Renner
185b3d1b-71c1-440e-8551-fa81188e4c7d;Ayana Jones
687f424e-c1ca-43fa-a352-50c6d4a50d2b;Mrs. Vesta Schimmel
eb664a26-b217-4d58-b2e3-61dab7e8cdb2;William Howe
32bcf585-b123-46b1-9493-fd285a4e673d;Ophelia Koelpin
661882f7-c7fe-4042-bde6-0a07c4a71096;Mr. Stanford Wolf
4f7e83a8-cd1f-4e3b-be08-5adc3817ecc1;Dr. Rosina Stokes Jr.
3d0ec58b-ab2f-4c4b-b752-915d4c49deab;Wilmer Mohr
65167428-22f2-4998-86ea-1071dd3e630b;Lonny Haag
b604f583-431c-4aff-8533-e5834ef36e38;Harley Huels
8d48e630-0fa1-4a83-abbe-8bf241d5f6a7;Jovanny Dickinson
871a890d-65df-4970-bff4-a5f7f6c09f2a;Mr. Aubrey Waters
234c1d34-2012-4639-9406-beda54dad810;Bella Barton II
328eaf8d-55a2-4baa-b143-a3a2ab51c2dd;Jena Vandervort
8398e981-de91-4066-adfb-036069177d3e;Eileen Reinger IV
5e4277b8-5cdd-4e37-8074-acaa968b27ce;Miss Elsa Torphy
3262a67f-3df7-4a88-9699-7de3fbdaaa6c;Lottie Goldner
076065ab-5ac4-48c4-bf57-0870193b120c;Louis Huels-Johnson IV
cc1e38d3-820a-43ca-8b0d-7d6fd1b54a12;Pasquale Rolfson
17163852-637a-414d-8b47-84ec10030c27;Nels Hane
1d2ecd38-0fda-4c58-a1f8-d4211ecda0ad;Dr. Clara Cummerata-Wiza I
df7a5fc4-2e42-4e86-b2f9-a746fb6a128f;Jamie Stoltenberg
df4c0230-4755-48cf-acf2-605ad0bc575d;Euna Conn
0c9d2821-34c8-4b72-be95-33f18fc3e293;Reyna Watsica
1b5420af-d84c-4140-a2b4-0f06428ff22c;Colt Bogisich
1b400339-dd23-4e00-bb33-d9134a41e1a6;Marc Mante
7a7be62d-6756-4a39-b5b3-6788cd3791ce;Lupe Stiedemann
cedcc679-100e-462c-84db-3232503d9432;Mr. Issac Treutel
05a2532c-bbd5-4e32-b043-6ce6d740520c;Michel Deckow
47e599db-d591-4c33-a7b2-4a74067d6cea;Milford Leuschke
d362991a-d775-4386-befc-2126349aaa30;Brian Kub
76056020-1609-4117-bebb-ef74503a2637;Gerardo Koch
f2807e89-5ff9-4258-8bb6-5ada8fb1da89;Melody Grant
388528d8-a127-46a8-9421-f2cce5d1fe44;Bradford Beer
d1a37414-72f4-42c9-a1fa-6b8fb8019940;Alexander Dach
e93e3272-2494-424b-b1ed-4d7ac7e60bad;Annamae Schoen
c48fb56e-52a6-4dc8-87d6-a1d94dde0eea;Lucienne Carter
a06f9f35-d961-4a80-8272-4bfb8793a0ea;Malcolm Runolfsdottir III
23ac10ec-4f5e-4922-b984-0021ea611b03;Bethany Vandervort
83fab56b-0d27-4273-8736-22db861998d9;Molly Quitzon MD
7eba2963-ec93-496a-a559-f176a59b553c;Stephon Langosh
5845e91d-158e-4da3-9f04-e6bc31b01632;Timothy Carter
443f095e-39ff-4d32-9054-b53c08f893ea;Brant Cummerata
0473cb6e-0cbd-4983-911b-48e2c8b8f19b;Shanon Strosin II
18d34712-a7ac-4c00-a4da-c59a8719d72b;Laverne Turner
940f5c18-4834-4697-a95d-487889c8784d;Miss Nayeli Hickle
942172be-a9bf-4c20-b309-b5afcdac18eb;Henrietta Sauer
1816a1e7-0501-4691-910d-cf6e362d0fd5;Mr. Malachi Bradtke Jr.
0bd13d14-8ec3-4a1c-9866-5d8b276fedfb;Amir Lind I
5b1cf363-18db-4f3d-ba5e-54b423e5189f;Mr. Rodrick Lang
0d6bc32a-a2ae-4914-afc8-951ffe4170cc;Bertrand Predovic
93e56343-4fad-402d-884b-2ac6f37bc8da;Clotilde Shields
97bd603e-2ac9-4564-9e9c-974ee7359a82;Dr. Prince Kassulke-McKenzie
ecd28136-7fc1-4b5c-b1b0-3394e1670725;Davon Swaniawski
f314191f-8cee-45ca-ab06-73e84ba0fc65;Reagan Langworth
246a5536-579d-4eaf-87a7-043d7d6d8167;Dell Ziemann
85e00320-0f4b-45bc-bf50-b091da6b3a6e;Miss Dianne Schamberger MD
2ba54da7-3592-44c1-a011-b3fdb8845409;Dedric Hirthe DVM
416aaa93-0616-47fc-a449-3374c9ef1e65;Lillian Franecki II
c0b15504-d5cf-4e4b-ba4c-4c777ab50b26;Javon Waelchi
8b577289-e294-4fc9-bb40-383e679142e4;Bob Powlowski
c5864729-3b6d-45db-bb55-7d80278b8f18;Emilie Runte
ed5823a9-c642-4a35-b7d1-7d7f8b35b66f;Jim Gottlieb
8f025eba-d84a-4b70-a3f3-3fdc53cd5bae;Catalina Bergstrom
c64d559d-e451-418f-8815-e5f9b3bb1321;Jaqueline Daniel
6137f8b0-af06-404c-a35e-8652280effe2;Wilford Becker
e31c589f-476f-4573-a643-7957708d1db2;Porter Schuster
19b71cd7-d92b-41ee-b70e-5679a54ac937;Dr. Asia Runolfsson
b5adfc6c-5fa7-4763-a229-342d60659ed7;Debra Turner
25fbcffd-37c3-4901-bc0a-43289eca1a3c;Ariel Pacocha-Langworth
c984d886-f4e5-422c-9679-f62e9579d25a;Dewitt Hegmann
f31f9e4d-6921-4293-a970-a2f5aa26905d;Marisa Moen
ed55c823-3999-43b0-810e-fcc680fda307;Helena Simonis
12624665-71f8-4f00-9332-39ee14a5e64b;Alan Runolfsson MD
625d8be3-cda9-41fc-b068-f2e174bc8d5a;Mrs. Ebony Stark
229112e7-9546-4efe-bc4f-ac6e3b2b63ad;Gerald Ernser
306b6a65-04ce-46d9-baf4-24ae8e367f35;June Schmitt
8837f44a-e880-4463-b5d7-2efa26e87e0f;Omer McLaughlin
7bad340c-4519-4fc8-9106-1a65dee57ca1;Clinton Huels
20aff609-de3e-4190-85fa-bc29cad8b374;Lucy O'Connell
c60e6d4b-28b7-4999-9240-860c266a7996;Mr. Titus Volkman
b7c30364-4e37-4271-b335-31750e7735f9;Althea Crist
bb71fe1a-5e25-48e9-b1c9-c2c951e44e21;Patience Rippin
96997b01-4c25-47ec-8fd3-3e1036201696;Macey Brown
ded69da0-0fc9-4cc2-bc00-a5e8068993e0;Tommie Toy
febb6cdb-352b-4eae-8912-b265d0d978f2;Raegan Daniel DDS
1463b182-89d0-4173-9f87-5c8b83e18c04;Deontae Abshire
3a72ceb5-5849-441c-b4d2-96cdaf5c6cab;Benny Thiel
cce4c83e-e570-45f1-acd3-e1afb2edf4a8;Alberto Stroman MD
3fc832ae-fa92-4af4-a608-df53dc3ee889;Adriel Paucek
c99735c2-1c2a-45d3-a3c7-9d833edbe8e9;Mona Weber
66eef2dd-43ef-42bd-8989-0078c74273ed;Tanya Hilll
5647be95-55e2-4eea-b816-d5611e1241e5;Geo Davis-Rippin
9fba8ed8-3026-47b1-b8a7-d8f6d5c3bb15;Vicenta Brekke
d0658309-abd9-4267-8c48-bd401316141c;Kristian Kessler
403a15ec-d3d2-4cca-ae6f-25dd5b5b3a1e;Vella Mertz
00df4be3-841a-4a8c-b6ac-96ea1a376c7a;Lonie Funk
239c6577-76a2-497f-8dff-a9a27498144a;Brielle Hayes
4caf8843-909f-458a-ba78-36c71ec4575c;Beulah Oberbrunner
1a5c8758-9600-46e2-a9b8-7d94aa748e26;Rubye Murray
41127fbb-8aa6-4ef6-a81b-51a1588ad68f;Miss Alexandrea Mertz PhD
f2aaaec0-1f02-4185-878f-13229f4d6f14;Macy Wilkinson
fa8487dd-def3-4d1f-a9b2-da3a968414da;Franz Farrell
2c4f5d02-049c-419f-b74e-2e76d6ba21b2;Blake Glover
ac92b8cf-ddfc-4427-a6b2-0952cb162ff8;Eddie Rempel
d163b214-9a72-4c11-8709-dc10cee08246;Mr. Arch Oberbrunner
32eb5823-0513-4576-b81c-8f3df7ae4bbb;Marvin Hermiston
d7f8861e-eadd-4993-9269-750763444f97;Bonnie Graham-Marks
29cb0bbf-1843-40a0-870b-1d87047e4f68;Bernice D'Amore
4922b4ee-cea1-47af-8428-ab876c84ad61;Ms. Tonya Luettgen V
63cc6b37-8fdf-49c9-9383-8a851f9f8689;Ashleigh MacGyver-Keeling
9ed3b38c-2b5c-4e3c-b781-86aae30b61a5;Miss Madisyn Thompson
51a00f85-34a5-4068-bef3-503d19366fb1;Orlo Gorczany
13c90c49-4c4b-4419-a073-790b7a396c92;Rebeca Hermann
d51ff0fa-e814-4518-b655-42091ec73b0b;Suzanne Zemlak
035e77e5-6949-4efd-9a19-5b60607ea224;Kristi Pollich
ef07ffd1-2a46-40d8-a24c-c9b5584c117a;Elisha Mertz
232c043c-0136-44bc-855a-36421a3a7d1d;Keyshawn Rippin
8ec7de6e-88e1-4456-8257-5954374962ab;Jadyn Huels
192c56d7-cdb0-4546-bd1f-ba39285bc079;Nancy Schmeler
d7970a11-854f-4fd8-ad1f-50f33b139ae6;Alfonzo Wyman
5eeebd45-9b15-429c-8ef5-05fdc5eb37e2;Keshawn Auer II
edaba26f-4ccd-4983-a553-fb019dc04ed0;Elnora Weimann
c5781603-0be0-41b0-a036-f06e130ac026;Kristofer Reichert
05888b43-1d68-429f-a949-5d626c3bc16f;Liana Medhurst
8c601b77-3242-4bd3-9720-2d7294281ff6;Solon Casper
a985bb05-7cd5-427b-96cf-9e1af495913e;Dr. Dion Jenkins
451ac77b-caa8-426e-8753-0fc12229f869;Alfred Miller
4f9c872e-21e2-4ee1-8c5e-9a78cbd30384;Mathias Powlowski
f118374f-1269-4ed0-9972-d355eb541eb0;Aric Kuhlman V
35823529-71ca-4bee-bed4-15f6153198ab;Marilyn Smith
024b2b90-352f-4409-bace-7fe18b2b9cfb;Sidney O'Connell
630d7e9c-dcb5-4053-8e2c-b7434964615f;Rowan Von
d4ad6dca-864e-4b3e-a791-f1476f02c781;Turner Ratke
da23966c-2e49-4c88-92c9-4a207ebacfcb;Richmond MacGyver
eaf139c7-f3cc-4bc0-8807-f7686d356020;Patience Parker
7562ac6d-d929-488b-9a31-575c14744443;Antone Lebsack
91779a30-d52e-409d-9411-6d4e71a7ba77;Mr. Arnulfo Reilly PhD
0592d4db-d3c0-4447-95a4-381bda18e284;Norma Rath
ac70530e-cf78-4ccc-a8db-e4b9a42d8f43;Jasper Fahey
d7c4cc13-f411-4ac2-a8f7-f424e0eb1cb8;Cory Pfannerstill
64e7dd42-2898-4956-9c21-ab8df811bbc0;Floyd Adams
478c88af-8577-4d40-893b-5f3e2399f1a5;Elisha Torphy
d12011c0-9d51-4424-89f5-ef629c212e75;Cordelia Becker
5230aea5-0bfa-4408-a815-f1ed7257e257;Alexandro Waters
74b4f5a9-1dd3-43c9-8380-ef03fe63904d;Rigoberto Botsford
65693547-eb6f-42e0-a185-71df71afb11a;Jayme Kertzmann
46abe48d-18f7-49c8-b74a-4c78c394c821;Omar Volkman MD
787a9003-db32-4677-9cf2-07d679328d3c;Melvin Beahan
fa2cc313-caf7-4f60-aeec-fa93783865e3;Leda Lemke
9bc4f2ca-dd31-4fac-bb4e-2656382bb264;Mr. Judah Vandervort
47448325-cf1c-49e3-889a-65057ea2336d;Rudolph Mayert
d2a7bb82-7d28-478c-a2b6-bbb1343c6c1e;Reina Kuvalis
69ca1031-d616-42da-b579-2b1a2bf2a0bc;Damon Heathcote
6bc1c67a-8be4-4654-9172-63ba3094f24a;Ryder Kozey
006cced8-ef41-43b1-afbb-376a83eb9a26;Queenie Zboncak
31027f56-452e-4630-a7be-08b97c56682b;Gregg Jakubowski
0025e1dc-e08a-4590-b153-34351db238ea;Thad Smith
67662e57-3a6e-4cf0-8fda-491867429997;Darby Veum
7cdc2a1b-2932-4296-8a64-5c4593dbf252;Zita Leannon DVM
8bae73e1-8ffa-4419-9630-2c5edd363e4f;Kathryne Hoppe
7d840871-45e8-4740-a047-ef2fa4d5d6d5;Felicity Grady
8fc71c2a-4033-4ace-95cb-c0428e7377b1;Teagan Rutherford
84a8aa2e-4219-4980-b03f-a3871dd1f266;Jeanie Haag
c8310d96-e4d5-47dd-9b74-bd9fc179058e;Jerod Beahan
2c43489f-6e77-4584-a8d0-d8e1d4a0f021;Vernie Wiza
a7469153-2d34-4a7a-9772-e10eff65810b;Miles Adams MD
a0fc890e-ede4-4e5b-9a69-54757117d933;Miss Andrea Schaefer
76d6ca2a-efeb-4b90-bce2-7592a9392182;Leone Doyle
427c85cf-342d-4f86-a453-d724597df2d1;Liza Huel
2b11e261-5d51-4f0c-8820-35c39f548d21;Claud Hayes
a9e6e01d-8f78-4c3c-bcea-c6a4e3094b0e;Hanna Rosenbaum
710dbf07-bc21-4f38-a0cd-1ae59972c28d;Melba Adams
8b9bc4a6-591b-4f28-a7ef-0f2df6c2f369;Tommy Crooks
7b53b00b-8a1b-4d04-9aed-bc6f79f31db9;Ally Brekke
1225977a-9a1c-42e8-9328-0f6b789dbfe3;Cortez Pacocha
ad6e8757-1b03-4d9b-9c7b-2d274f991e82;Jesus Daugherty PhD
a79a5fe3-37e0-4043-9ff5-e2e37a61d603;Joel VonRueden-Blick
01d681e8-21be-4208-9c00-aa9b5169014a;Mrs. Fatima Zboncak
1b529189-dcc5-4594-9a50-45abc3ecd114;Miss Lysanne Connelly IV
1a92b573-89b0-4e13-9044-ac1d6063fe61;Sherman Schultz IV
5d3040c2-cb8b-4548-a106-e2184e535f5b;Angelina Ritchie IV
b5505bd4-6f8b-4137-bd22-658665773fc2;Dakota Stroman
e7c0b011-e098-45d0-8d7b-ede0be69fcd9;Gladys Dare Sr.
54dbd96b-7dc5-4009-9cc8-d15eb88ce425;Dr. Faustino Erdman
534e2f3b-5e3e-404b-9973-734226aa852e;Margaretta Zieme
87a86478-6455-4dc9-a51b-a62528fee32d;Miracle Volkman
9df7932d-383d-4d57-ace2-542ad809be6d;Dr. Hester Murray Sr.
b060585c-9bcd-4945-a1cf-754f09ef58ec;Terry Krajcik
0ef285f3-2455-4da9-af69-bda07fabb2f6;Cleve Spinka
b98981bd-3e4a-493f-b962-8f7d9a76ff0f;Krystal Hahn
93f8c338-76b0-4573-95a1-24636fd21bc0;Wilbert Watsica
5f1b4ada-a49c-40ae-9483-fae6ae9ec630;Miss Cordia Kozey Sr.
915a0a52-5238-4bfa-82c7-0a496120b0e0;Samir Kerluke
78a859b3-1312-46a2-829d-00990b8529ca;Kristin Waelchi MD
9faf5e78-2bba-472d-b6a8-7713813f53f2;Jerry Roberts
728f9898-53c9-4137-892a-9f158afed3d8;Lyla Ortiz
29f97023-d2e0-419b-a16d-5d02f7f2bb49;Jarvis Schmeler
4e661cf3-c1d1-47ae-9f0a-9e75ee373e0c;Desmond Mertz
a26ac26a-297f-4c74-8922-051389a49f08;Dolly Feeney
fc6eafb2-4290-4d4c-bb5c-16f934a4003b;Preston Schaden
e0ea4c70-f61f-45a5-a706-275f7f3f5131;Xavier Veum
b4228d01-fd18-49cb-a57e-31feb7aac18c;Mr. Maverick Hermann
540b53b3-13e2-4f36-9a35-2b7cfafd6ead;Tara Murphy
5844392d-80a5-405d-8123-28c6c806eef6;Mr. Gerson Deckow III
abafc689-798d-43f4-85e3-330ec8598f65;Doris Herman
b15d4944-e63c-4f18-ab5c-aedebc36d521;Jayne Rippin
69f48ff8-8752-4f9e-aa73-a3a60d0e7e45;Devon Toy
45c1ff9c-7b98-42f5-af24-e4d9283aa855;Lupe Hauck
3bceb51b-418d-4499-8c05-8235e9ce5a75;Miss Daniela Cummerata
b8dbf568-2927-48d7-8d8b-17c6af35be24;Adolf Emmerich DDS
6641aaed-8861-4118-b933-de56713b05c2;Jaquan Bradtke
91bc14dc-61ab-4e8b-ab42-c841c8d17da6;Patience Padberg
7785992a-51d7-4757-a7fd-04fa4677aede;Enrique Douglas
87146d8a-51bb-47cd-8ac4-9d54d1444d6e;Carlo Dickens
519c3828-ccd2-43e5-ada9-27a0edb0748c;Ariane Graham
7ccd6fed-d217-478a-b6f0-455828726a7d;Virgil Thompson
370b9972-5fa9-4e3a-8b9c-c2183921c9e8;Deontae Donnelly
0b5d2022-ecdc-4128-9e1f-5c00edc06c08;Margret Labadie
60c638e2-2045-4a18-81c0-03801a817422;Leonel Robel
c0dc9a04-7b1b-4b69-b0b3-08354451f044;Era Mills
edf76fab-e800-4eb1-8162-72271fa94d4b;Francesco Schuster
a97aefb3-288b-4176-bc92-8640a60fe6cf;Brenden Armstrong
5a1f45a5-00d6-44bf-980b-86fa6349a1f0;Donavon Treutel
05056bf3-a832-46b6-9a0f-b37f7a1c53fd;Otto Nikolaus PhD
0837994c-8c8f-423f-ab52-fe83dedf38ee;Pierce Fritsch
1ed19348-c3a8-43df-be74-a2868df7d51d;Mr. Jeremiah Schamberger
908c1964-7ca9-4f8d-b157-86442c9e735a;Miss Aurore Denesik V
2c945531-dda1-428c-ae0e-53b7312174ed;Sigmund Koch
21e1831c-4425-43b0-83b0-4d596da59179;Luisa Schroeder V
5952c5df-b9a7-446f-a305-4eeafdc36036;Arvid Rohan
c12076f0-d341-4a87-b944-f3dc8945d674;Dillon Kulas
fbf53c9a-eeb6-4e13-bc30-fda8dc9249ab;Deonte Heaney
057d37d1-f6c6-4ea2-ad8e-fb03078cf73d;Isabel O'Reilly
73b223a7-5799-446e-9161-67ae5209a6ca;Dr. Lawson Parker
636d7fb9-205d-4fb1-a969-7ef488195594;Teri Lockman
155aac8c-104f-4b05-97cf-9e37f2ab640b;Reggie Luettgen
a6863c18-87f9-4444-9bda-9bd97a41f7c4;Ms. Loyce Rippin V
c0161692-d25b-4952-8eca-f2eb4cc1c894;Modesta MacGyver
155ab4d9-06cc-4ab3-baac-841be87adeee;Letha Doyle
30068ddc-66ee-4754-947f-b3ce30d5a52e;Maida Kub
3edd44ca-ab14-43b0-ae51-33ce13c9a6de;Kasandra Cremin
c3cad8a0-4b55-4324-8434-cce08d7a32f0;Ms. Trycia McClure
10deb2e7-d773-4f93-b643-6152d357cebe;Jasper Morissette
d6b46461-7be7-4606-9066-084538f6a976;Miss Grayce Osinski
141bbfaa-00d3-4c18-9671-83b97d671862;Mr. Lewis Beier
8e8213b7-1a9c-478b-9500-c6dd6a080824;Camden Windler
a091be44-4a29-41b6-8bda-d1ddbd480849;Estrella Carter
26667fba-a386-40dd-b0dc-ecf1cf347502;Raquel Raynor
bf27e780-c973-48b0-b971-93633f0db03e;Geo Luettgen I
d6016952-df12-40d3-b1c5-e574bc200ca1;Dr. Rosemarie Tremblay
4032fe40-d2f2-41b3-aba2-4fea2e576489;Miss Jess Streich
e9330aeb-2ad2-49ca-9447-8aeb2149d895;Ibrahim Kris
6742648a-e1a0-4f58-89a8-a7f04504e03e;Lucie Steuber PhD
7d2646b4-a137-49c1-8a12-a0967fb2c75b;Eula Goodwin
e8f5c266-799d-4669-b092-7f1292d1e86d;Ralph Hessel
ee53f01b-07d0-483e-a933-43968319167d;Amara Littel
981c1499-cf62-4479-8fcf-99d16bf965ce;Laverne Wiza
c18406a7-27a3-4048-88f4-26cd0b7bc0f0;Aurelia Zieme
df32e3b5-4e1b-49ea-b9db-d89b52248746;Mr. Solon Rempel
459d54b1-5ac6-4317-9d2a-b4a922e5fabf;Jamal Schiller
23ff4e3e-dc3c-4889-b047-44421a0b3df0;Victor Mante
e0fd6364-a3dc-44dd-8822-0e751379bf1d;Connie Gottlieb
fe5abb2c-7d23-4704-9aed-75952765b076;Monte Stark
2568376d-c85f-4133-80ab-f50d4c0e0c5b;Mikel Price
6d857107-485e-4a39-ab0d-992acf3fa861;Edgardo Bednar
358ba14f-13c5-413d-9b92-4403a137809b;Jacey Schmitt
776f7942-2734-4dcc-8e2b-a49652d484d2;Miss Roselyn Armstrong
f549878f-2dad-4f02-9d2a-b6f43a7c4f96;Mr. Raymond Medhurst
375e0e7d-6692-42d9-a99c-fb9febd4a9a3;Litzy Yost
9f3a0127-b0c5-4dbd-a229-b5c50b7d9d40;Myles Hegmann
bf770eb6-216a-4874-a35f-feabcf78db44;Jaylan Christiansen III
c311e9f4-854f-4868-8de9-1b805183cc79;Ignatius Sipes
c213e90e-2aef-4b4b-973b-462ff2404c75;Derick Denesik
841eaca6-c3a4-431b-bee3-fe82a5be433d;Alaina Mann
1c3f2bbb-eb9b-484b-bebd-aa1e38da2bde;Clay Sporer IV
63beb51b-63dc-4427-9dce-c8ba76191a83;Reva Mante
897449d6-5d3c-4518-b208-c02df4c93f99;Ms. Silvia Towne
5e5f3d62-fcbc-4b0b-8aea-c04413e359f6;Myrtice Rippin
5020648f-97b0-457c-8d78-f28eb0da7800;Eugenia Leffler
ef9bf006-ca58-4639-8745-87879b083032;Harry Hagenes III
15d66a38-b489-4d62-ae1a-f62d5551c3ad;Mr. Roberto Kovacek
c1b34dd3-8815-434e-96bb-9ba7892dd5b4;Mrs. Amina Veum
3a898ff7-2e27-4806-b3a8-2b7225fbb407;Donato O'Reilly
2da9407e-e1b7-450c-a1f9-298138122a87;Barbara Haag
3147b528-39d1-400b-a063-ce585752a1ca;Mr. Dayton Franey
0a8a05f2-e129-482e-a03d-480b16267157;Paula Dietrich
14c01c28-703e-44c5-b36b-0f4f73adc0ef;Berniece Schumm
c4e962e5-c379-403c-b126-94a923d17fd5;Wilfrid Borer
4a54bf37-1f20-4049-9213-ecae4472a4e5;Judge White
efd68c5c-858d-4888-871c-2bb7009ad870;Ed Heaney
10a9a40b-87a0-4b0b-8d00-7e3a56854d98;Wilburn Labadie
ec98ee90-3c43-40b9-815d-829c72722d99;Dean Osinski
b4326752-a5df-45f0-a733-39b25cb32063;Asia Nolan
fa7d9865-6f37-4a06-9aa3-62406459da31;Bria Cormier Sr.
8a6d6bd0-b225-434b-8c4e-fb1e17c70b65;Miss Cortney Volkman
a182f635-f7b7-4bb4-b6e3-e0059ec4340c;Lonie Schiller
f973c152-1d62-4c21-ab5b-e530be00af63;Manuela Cronin
27a28dbb-4a0a-4c29-932d-bf8171e58ad4;Devin Gottlieb
89eb81d3-e5e0-4d40-8745-ef18d4e90d27;Pablo Gleason
12c07e8a-7ad8-4e93-ba22-fcfad2d122cf;Carl Dare
b05079dc-47bd-4839-aec6-a661dd490751;Terry Barton
a79577cb-f55e-4484-bf7e-967a9cf65878;Zoe Roob
42a6e48e-f2fe-4f72-ab5b-5d24fbf5fc60;Adan Gutmann
ab016d1e-8a4b-4368-a446-083e63a1ca9e;Aurelie Dibbert
aab86ff9-5d73-4305-8c0e-ab72e804394c;Loraine Krajcik PhD
20dbad03-5212-4b8e-8ea3-fa0272e753f1;Ms. Daniela Weimann
c06dae23-4bf6-4d6c-9cee-5dcd9017780e;Alford Von
c9e0f987-fe17-4ec3-b896-6dd4bafb4dd4;Theo Rau
be1dc10b-c9c9-4785-b23f-2a2517cf7c0b;Fermin Schaefer
0bce5de4-e04b-4a30-8175-4a234128912c;Alexandria Heller Jr.
2a3e494c-57e5-4837-870e-372b43a3e1d0;Darren Schmidt
bf7b2123-c15e-444d-b28f-1dec80dcc621;Conrad Corkery
50aeca53-6df2-4e97-992b-491cd672e59a;Lukas Hagenes
8ff56150-ed0c-4554-8825-699ce25eaf5f;Mrs. Lori Klein
fcbb1a05-e107-4800-ae22-d5db9d2d4a2e;Dr. Shawna Heidenreich
17a83e45-d91e-4eac-80d5-5c656e0ef94c;Leola King
674b548e-37c9-414a-815f-6c6b3d559de6;Dr. Sigmund Franey
03cc257b-cfe2-41c8-a265-0fd86ebe98b2;Cierra Spinka
ff584976-001e-4ad8-b6bf-c3f5326aa33e;Simeon Yost
6bb6e114-0183-4fa6-8f85-36b9ea1edbc0;Mr. Santino Luettgen
cdb9fd93-4cbc-42bb-97d0-2a40f1279517;Anastasia Batz
cd02f9e5-19dd-48be-85d3-2ed754d08b26;Erick D'Amore
4a1229a1-bf4f-4880-a5c3-74ee79eb7529;Elvera Hermiston
5f911af8-b3cf-4569-b463-1f8aa55a8d79;Leonard Zieme-Predovic
cc287acf-2c13-461b-a78f-ba0b8da8b83e;Victoria King
1f459c05-dc0c-42a8-9555-76b14db14358;Ettie Koss
1783640c-6115-494a-b985-596c71063f62;Cristopher Glover MD
f2e2e3bb-a8ab-42ec-9542-b43f1685f284;Ayana Cremin
5e0bce14-c73f-4ebf-8905-f67f1892dd8a;Nikko Johns
eed45699-b5aa-4ef9-b954-f068c0ea4391;Maybelle Bechtelar
adecfbdf-f0b1-467b-9a1a-03e7d30ff333;Mrs. Caitlyn Tillman
332b111d-2abd-46f3-aff6-b9c7b8225dbd;Noel Gerlach
7b8e3aff-4574-42a0-97b0-54cf43acfdaa;Monica Smitham
08c4a80a-1d75-4870-a651-2569ac46eec1;Charley Altenwerth
dcb4195a-7f68-4886-87bb-ce8616383d63;Callie Reinger
10d1ef2f-a5b7-4dfe-b247-3e5380a12492;Cassidy O'Kon-Morissette DVM
8bd13f53-d042-4ffa-a565-4767ffc822a4;Ms. Sherry O'Kon
fd7fa7fe-656e-4e95-bf09-f93587832df8;Raquel Runolfsson
c546d332-c98b-4e40-90e6-006f9ffb5dcf;Maxie Rogahn
023632b1-2445-450c-a92e-326060512022;Merle Bernier
f905d7a2-e45d-4026-9e72-57ea497d8e91;Garett Bailey
4c223748-ba3e-48c9-8900-e8fd7d58ed59;Melissa Block
6e219a13-8f32-4810-b228-c01c7f8ef27a;Kurt Hagenes
5969d687-334d-46f3-a76c-18b5dbce47b9;Mervin Sporer
ecad94b4-d001-4e71-8541-86d3fb7b135c;Deondre Stiedemann
baac19d5-4de5-495d-bcce-5b554664496c;Lue Grimes
d389edd1-1724-48a9-b9c8-33399202a655;Dr. Torrey Koepp
2319e5d8-5ed6-4d22-ba93-b7551e6b639a;Lacey Feeney-Watsica
5f564ee2-4110-4353-8db0-15a48a5ab31e;Herminio MacGyver
30688321-3c87-4099-947b-46cef743853e;Mr. Bell O'Conner
d3d24cb8-9790-489c-a100-650acdca0d2c;Lenna Beatty DVM
bed2e8b9-7f11-4133-8fb5-3774749a4953;Estrella Pfannerstill
f710b1c3-ec7f-4412-a76d-f69408a4d5bf;Freeda Dare
29887826-af9a-4fc1-ac54-5ea1840731a7;Duncan Herman
caef6b6f-4ab2-4cf0-ac71-916c76c9f906;Devante Kerluke
f9889b64-ee42-4bc9-a9c8-40aec2886343;Rosemary Christiansen DDS
7b511f63-c7fd-4632-b1f8-4d068c9542b5;Lloyd Cole
b12fcbc5-2b08-4264-bb53-3f66494fff3e;Garett Bernhard
4827ad56-b9a1-40f4-a464-5a5db04522e0;Miss Robin Bode
2472750c-3e26-4bc5-9340-2329f81a8e6e;Meggie Smitham
00468261-85f7-419b-920a-73c0cb64ebc8;Theresa Little
74fffb7a-869b-46ed-8d35-13c8a7e2d851;Florian Effertz
ad98decb-3468-4afd-9800-8cac0a09eebe;Monty Nikolaus
cdccf4c2-7b42-401d-b913-1fcaa11f05b8;Earl Marquardt
ffa472d5-340b-4cd5-ae0c-ee752d2d0002;Lilly Erdman
56e2eed3-3e76-4e29-83ba-feadc0abe5b1;Myrtice Barrows
7610df57-9706-4e1d-8307-880cc4dfd5cf;Domenick Zemlak DDS
70e1c2e0-1536-4d6a-a8e2-c6ece042f4cb;Shanon Nienow
80147a84-7d24-48c5-b66c-3acc4f70301b;Lessie Pollich
68ab2614-a093-4ccd-b5d3-23d909337cf2;Dewayne Dooley
e675ca4a-716e-4eb6-8ea0-87d1170ab79e;Mr. Waldo Senger
4019f34c-6aac-4051-a318-d37f6ceb5065;Spencer Wunsch
5e7db209-1095-43b5-bf60-91c00cc427d1;Makenzie Schoen II
2a83bdac-9b12-4c80-a41a-414321b66283;Erik Mertz-Cruickshank
49f61229-9aec-45de-8108-3214c5377343;Talon Wyman
2579696b-c2af-47d7-a677-681fab00aade;Justus Bergstrom
a4be309e-0ba1-4e98-ae3e-eb507665e199;Cooper West
9b174441-9aaa-4aba-a1cd-889916b166ef;Marcel Kemmer-Goodwin
356ccb46-7c0a-449a-b87b-fdf41fb920e9;Bethel Hermann
f0706e48-3664-4472-bc36-a41f8a7d0a44;Randal Tromp
09010c4e-26fd-4449-8acd-303cc5ed57f7;Zelma Wunsch
f2f4854a-9c21-48ed-a63c-07dcafa4f9be;Waylon Macejkovic
285946e2-ec19-4c02-ad90-befb36e71447;Raleigh Considine
8d8ec637-92b5-4947-b228-37c1617c2644;Jacklyn Beatty
3b115f83-42bf-4594-8707-50048822c87e;Emory Collier Sr.
abd72529-382a-4209-9959-371ddb3a3fbd;Felix Beier Sr.
dac6b020-adbc-4742-9af5-f7f36b30ef7c;Myrtice Konopelski Jr.
59d95e43-8405-4907-b3b5-f7cdc1bcc573;Shelley Dare
a0d2373d-cbde-4f39-bb6d-0f0d498f37b9;Kole Hodkiewicz
d4807652-bcd4-4173-91e1-a77cac2bfd0a;Dereck Zieme
3b788bb7-fe86-4e78-8a6e-27fbc2d4a70c;Abbigail Thompson
5248e17a-88d7-4040-8559-d958407e33c9;Mr. Kody White
3e76e85e-1bb2-407c-be6d-02c1a7b0a544;Richie Weissnat
f8b1bd65-603d-46f5-a96d-bf015b34d741;Dakota DuBuque
758e9116-d52d-444e-be44-f70b6d188278;Neoma Cremin
f6605541-f2d9-4779-b7a4-d6b9aed1d028;Kayley Walker
41f1312f-7bfb-4aff-842e-ac15322fd1e5;Miss Leda Monahan
189c00e7-ae28-4f8a-8727-9813f36d2c02;Nyah Muller
0ea3e274-5b9e-47c5-a164-22da5ad3f221;Dr. Aurelie Wisozk
54239dcf-2209-4639-9a82-83f14b241f8d;Dr. Marisol Okuneva
71eb3508-c56d-4e00-9778-dbb0c4f934bd;Judson Funk
e70d9619-2047-44df-b0d2-6d178280686a;Dr. Carson Schmeler I
78e0028d-f9a1-4c97-8c84-556f150accbd;Mable Doyle
6cebb609-8539-42f2-8e3b-28bb6447ae4b;Larue Gleichner-Goyette
42d2f0e2-0abc-4846-86a7-ea9fbe5fe129;Doris Heathcote
2d2336da-e86a-40dd-a0e4-6db24071fcb4;Jeanne Denesik
89a9e068-0989-4cc1-936c-f357db0cfffb;Olive Ward PhD
3c68d8fc-9837-4a80-a13b-ca09a46b997e;Kendra Grady
d78991fc-0180-4295-8f1f-a8980db13a1d;Jessy Vandervort
3f5451c9-ac94-4946-b2c8-6d1503765f95;Marvin Ullrich
7c5e81af-d03b-418d-aa0d-cc8c46d72606;Holly Hand
b77e031e-e750-4261-a3d8-f9feedf4ec68;Terrance Hartmann
4cbc4f24-5ca5-4ffd-91d4-b7d54755d764;Glenna Brakus
8263f5fa-5131-4c61-8576-1b7b1d0852f9;Homer Green
4d9e1bc2-e915-470c-8394-4a4f970f18f5;Alessia Towne
ad047a20-e3e2-49eb-ad79-fed0a8da1746;Vernon Jacobi
f984b35a-6f8f-4b6d-b283-b69dddd3ad21;Antoinette Schaden
1842b667-7810-4534-931a-39203ec31f7d;Kristopher Gutkowski
4af13dfe-3d35-432b-b25c-5804982c6d42;Alejandra Hayes-Botsford
a44f9189-c1b6-46e5-adf3-0ecf9de48210;Clovis Connelly
a65f7b67-66b5-48bf-9a2c-00bc6bf253db;Oda Breitenberg
e293b495-26c9-4f43-a11c-4d0351295918;Lilian Emard
c1413fd3-ff01-4a8c-b633-ffe22b03b101;Alek Bauch IV
4acbdd28-1e04-4908-bdd4-746eb6618d3d;Dr. Idell Swift
a5d77447-722f-4467-b2bc-648a0bffe03b;Shayne Herzog
68871c97-42c2-4639-8309-15e10f782fb8;Furman Champlin
bb19245f-e4c9-4b0b-be52-08996c0c025c;Emely Rodriguez
024a42b6-47c8-48c6-8ddf-c4ef09705285;Kenton Huel
2afe519d-3242-4f0f-bb20-bb3aa658c328;Destiny Wehner
452b6062-f8ea-45f3-a639-53c64c4d496b;Jamie Frami Jr.
cb327508-c5ac-480d-9268-7ae923696311;Carmela Emard
0a6b4954-2c06-4775-b233-7d6ca911e2f3;Alejandrin Spencer
7aebbe8d-3ffe-4288-bd8f-df4c2770d77d;Frederik Jacobi
777edcaa-490b-4323-ac24-d4752e712e01;Jimmy Boyer
b3b3a28b-b3f3-4723-b499-69603a0dce19;Dr. Tessie Pouros
4a46711f-464a-49dc-bf66-b29c37ff700f;Vilma McClure
8781bbf0-f44e-483b-b5fd-863b79ce57f9;Claudie Hane
d370f596-bda7-4b87-aa32-e008cfa49312;Brannon Konopelski
761028a2-8380-4489-ad27-20519b03255e;Rae Larkin
352ab920-bf80-4da3-bd9a-38832ce331b6;Brennan Orn I
620a3686-29fe-4156-a2a5-009473e75652;Mr. River Mueller
c85c1956-1e61-47e9-b775-3b20e941bcea;Elvie Franey
e0a4f030-0a02-4808-9177-51f26e89e932;Daisha Rogahn
506f2309-5823-4646-a966-d0a3bce52198;Kate Flatley
b54b7c49-f8a8-46eb-a24b-706afee25707;Mr. Talon Schaefer
3ff82685-ea5f-47b1-9519-19ea0ddf671e;Sydni Altenwerth
09c8aa27-dec9-4586-af4a-e4568bf780cc;Demarcus Windler Jr.
707fa979-d363-4265-8982-0940b5640f97;Garland Kohler
1af71e6d-1ed3-4600-bbc2-ed1ddf4443b1;Buck O'Keefe Sr.
929d451d-835b-45ac-a081-d86e059e2e0e;Lera Kulas
6cb26045-5cd9-4b6a-90cb-3105d503ce39;Armando Stiedemann
f02d3df9-bb82-465b-a762-db3a69304dc3;Lilliana Waelchi
4ee14c39-025c-4b4e-9e92-3418d61d585f;Edyth Cartwright
d182d404-00ce-4e06-aa49-a1cba64af2a9;Ms. Karlee Hamill
626d68eb-75e5-4977-aea3-ea0fb3b23d65;Fermin Hills-Kertzmann
5f574782-ffe6-4f65-a1f9-5c5c7a10182d;Breana Barrows
44920c06-ea4c-4c30-92aa-ed9e49445398;Mrs. Thalia D'Amore
4eef0f08-e6e3-4348-801d-a80d8ec66286;Sabina Trantow
05cf7924-a958-4d73-9679-966d16bcfc18;Ezequiel Becker
87bf9eb5-fa07-43bc-a891-187fedcd506a;Shawn Kuhn
12f516d1-d40d-4b16-a368-220e40ba0a4b;Ewald Dickens
8f5d5082-e2c0-4a2e-bc80-91bff98d1804;Terrence Feeney
b3340a40-3c2b-460c-a27e-15ed181bed11;Miss Jacey Collins
a84aece8-17ba-4533-9772-e0d384d1ba3a;Guillermo Cormier-Torp
e2c68387-9cdf-4889-99ff-2e75fd404ed6;Aiyana Kirlin
796734ac-0f30-43a1-946c-0a15ee7dda7f;Kyleigh Pacocha
86c54cc2-7676-4ee2-b293-a80f7b77b501;Danielle Glover
e34d4912-8303-4aee-b5b4-13948c57505c;Mr. Chad Bogisich
45a60187-72e3-44c8-a1f9-43b5966ccee0;Asia O'Connell
699e7e48-76f6-4903-9aa3-fd728e2e6c51;Willa Kuhn
0ad45330-d63a-4414-898e-500dbee47f92;Susan McDermott
a24db406-e37c-4c20-8a17-31c02ae11141;Jarret Harber
daaa54a8-f16b-412c-b80c-79cf7b93694f;Toney Runolfsson
1c913fa1-9ea3-4539-8e72-3fcb1c3f59d5;Lupe Hodkiewicz
4b44d079-e0bc-4f80-8b90-3a179318fc61;Christa Aufderhar II
58fdeaa9-11c8-4eb8-bfe2-e3344d8f523b;Zechariah O'Hara III
42e6ac54-aa78-4674-8b81-48336e030556;Elian Leannon
5e82c62f-0722-4352-af6a-334e0850dc0c;Mae Murray IV
df45f954-4f15-4385-8855-1d3ecd02fe09;Lyda Volkman
8145132b-7ba7-4839-808a-1ec0340ac0ca;Maeve Kessler